,Org,news_category
0, Mint,Company Business News
1, Benzinga India,NaN
2, The Economic Times,NaN
3, Dalal Street Investment Journal,NaN
4, NDTV Profit,NaN
5, The Indian Express,NaN
6, Mint,Stock Market News
7, Mobility Outlook,NaN
8, Moneycontrol,NaN
9, L&T,NaN
10, Mint,Stock Market News
11, Moneycontrol,NaN
12, Zee Business,NaN
13, CNBCTV18,NaN
14, carandbike,NaN
15, Benzinga India,NaN
16, Mint,Stock Market News
17, 91mobiles,NaN
18, Mint,Stock Market News
19, NDTV Profit,NaN
20, Benzinga India,NaN
21, Moneycontrol,NaN
22, Moneycontrol,NaN
23, Mint,Stock Market News
24, ET Now,NaN
25, Benzinga India,NaN
26, RushLane,NaN
27, Mint,Stock Market News
28, CNBCTV18,NaN
29, FXStreet,NaN
30, RushLane,NaN
31, News18,NaN
32, Business Standard,NaN
33, Moneycontrol,NaN
34, Mint,Stock Market News
35, CNBCTV18,NaN
36, RushLane,NaN
37, News18,NaN
38, The Economic Times,NaN
39, Mint,Company Business News
40, Hindustan Times,NaN
41, The Hindu,NaN
42, Zee Business,NaN
43, Mint,Stock Market News
44, Investing.com,NaN
45, Moneycontrol,NaN
46, Moneycontrol,NaN
47, DNA India,NaN
48, Benzinga India,NaN
49, Business Standard,NaN
50, FXStreet,NaN
51, Mint,Stock Market News
52, The Economic Times,NaN
53, Moneycontrol,NaN
54, Mint,Stock Market News
55, Hindustan Times,NaN
56, CNBCTV18,NaN
57, Zee Business,NaN
58, Moneycontrol,NaN
59, Moneycontrol,NaN
60, Benzinga India,NaN
61, The Economic Times,NaN
62, The Times of India,NaN
63, Hindustan Times,NaN
64, Mint,Stock Market News
65, CNBCTV18,NaN
66, CNBCTV18,NaN
67, Business Standard,NaN
68, CarDekho,NaN
69, Entrackr,NaN
70, Moneycontrol,NaN
71, CNBCTV18,NaN
72, Mint,Stock Market News
73, FX Empire,NaN
74, CNBCTV18,NaN
75, Mint,Stock Market News
76, Hindustan Times,NaN
77, The Economic Times,NaN
78, Benzinga India,NaN
79, Zee Business,NaN
80, Business Standard,NaN
81, Business Insider India,NaN
82, Benzinga India,NaN
83, Moneycontrol,NaN
84, CNBCTV18,NaN
85, Upstox,NaN
86, Moneycontrol,NaN
87, The Times of India,NaN
88, Zee Business,NaN
89, Moneycontrol,NaN
90, AIM,NaN
91, Hindustan Times,NaN
92, Mint,Stock Market News
93, CNBCTV18,NaN
94, The Times of India,NaN
95, Hydrogen Insight,NaN
96, ET Now,NaN
97, Mint,Stock Market News
98, The Times of India,NaN
99, Mint,Stock Market News
100, CarToq.com,NaN
101, AIM,NaN
102, Hindustan Times,NaN
103, FXStreet,NaN
104, Hindustan Times,NaN
105, Mint,Stock Market News
106, The Hindu,NaN
107, TechCrunch,NaN
108, Hindustan Times,NaN
109, MotorOctane,NaN
110, Benzinga India,NaN
111, Moneycontrol,NaN
112, Moneycontrol,NaN
113, Benzinga India,NaN
114, The Times of India,NaN
115, Benzinga India,NaN
116, NDTV Profit,NaN
117, The Times of India,NaN
118, Benzinga India,NaN
119, Benzinga India,NaN
120, Bloomberg,NaN
121, CNBCTV18,NaN
122, The Economic Times,NaN
123, CNBCTV18,NaN
124, The Hindu,NaN
125, Moneycontrol,NaN
126, Business Standard,NaN
127, Mint,Stock Market News
128, Benzinga India,NaN
129, Business Standard,NaN
130, Mint,Stock Market News
131, Benzinga India,NaN
132, Mint,Stock Market News
133, India Today,NaN
134, Supercar Blondie,NaN
135, FXStreet,NaN
136, Inc42 Media,NaN
137, RushLane,NaN
138, Mint,Stock Market News
139, NDTV Profit,NaN
140, Mint,Stock Market News
141, DNA India,NaN
142, Moneycontrol,NaN
143, Moneycontrol,NaN
144, Upstox,NaN
145, Moneycontrol,NaN
146, Moneycontrol,NaN
147, BusinessLine,NaN
148, Upstox,NaN
149, The Economic Times,NaN
150, Business Standard,NaN
151, The Indian Express,NaN
152, CNBCTV18,NaN
153, ET Now,NaN
154, Mint,Company Business News
155, Benzinga India,NaN
156, Upstox,NaN
157, RushLane,NaN
158, Mint,Company Business News
159, VCCircle,NaN
160, News18,NaN
161, Mint,Company Business News
162, Hindustan Times,NaN
163, The Financial Express,NaN
164, Entrackr,NaN
165, The Financial Express,NaN
166, NDTV Profit,NaN
167, Benzinga India,NaN
168, RushLane,NaN
169, Mint,Stock Market News
170, Moneycontrol,NaN
171, Moneycontrol,NaN
172, ET Now,NaN
173, The Economic Times,NaN
174, Newsroom | Accenture,NaN
175, RushLane,NaN
176, Hindustan Times,NaN
177, BusinessLine,NaN
178, Moneycontrol,NaN
179, Business Standard,NaN
180, NDTV Profit,NaN
181, Mint,Stock Market News
182, Hindustan Times,NaN
183, NDTV Profit,NaN
184, RushLane,NaN
185, Benzinga India,NaN
186, The Times of India,NaN
187, The Times of India,NaN
188, Mint,NaN
189, RushLane,NaN
190, Hindustan Times,NaN
191, The Hindu,NaN
192, India Today,NaN
193, Mint,Company Business News
194, Tata Motors,NaN
195, Mint,NaN
196, NDTV Profit,NaN
197, Benzinga India,NaN
198, Mint,Stock Market News
199, Benzinga India,NaN
200, CNBCTV18,NaN
201, NDTV Profit,NaN
202, Mint,Stock Market News
203, CarDekho,NaN
204, The Economic Times,NaN
205, Mint,Company Business News
206, The Economic Times,NaN
207, Benzinga India,NaN
208, News18,NaN
209, The Economic Times,NaN
210, Business Standard,NaN
211, The Hindu,NaN
212, Mint,NaN
213, The Economic Times,NaN
214, Hindustan Times,NaN
215, Mint,Company Business News
216, Benzinga India,NaN
217, Moneycontrol,NaN
218, Mint,Stock Market News
219, Investopedia,NaN
220, Mint,Stock Market News
221, The Economic Times,NaN
222, Mint,Stock Market News
223, The Times of India,NaN
224, The Economic Times,NaN
225, Business Standard,NaN
226, Upstox,NaN
227, The Financial Express,NaN
228, Moneycontrol,NaN
229, NDTV Profit,NaN
230, Mint,Company Business News
231, The Indian Express,NaN
232, The Morning Context,NaN
233, Business Standard,NaN
234, Moneycontrol,NaN
235, The Economic Times,NaN
236, The Economic Times,NaN
237, Mint,Company Business News
238, Moneycontrol,NaN
239, The Financial Express,NaN
240, Benzinga India,NaN
241, Saurenergy,NaN
242, RushLane,NaN
243, Business Standard,NaN
244, NDTV Profit,NaN
245, L&T,NaN
246, FXStreet,NaN
247, Mint,Stock Market News
248, CNBCTV18,NaN
249, Mint,NaN
250, The Economic Times,NaN
251, Hindustan Times,NaN
252, Business Standard,NaN
253, NDTV Profit,NaN
254, The Economic Times,NaN
255, Business Standard,NaN
256, Moneycontrol,NaN
257, Firstpost,NaN
258, CNBCTV18,NaN
259, RushLane,NaN
260, CNBCTV18,NaN
261, The Economic Times,NaN
262, RushLane,NaN
263, Mint,Stock Market News
264, Onmanorama,NaN
265, Mint,Company Business News
266, Benzinga India,NaN
267, Moneycontrol,NaN
268, FXStreet,NaN
269, The Economic Times,NaN
270, NDTV Profit,NaN
271, CNBCTV18,NaN
272, Moneycontrol,NaN
273, Mint,Stock Market News
274, NDTV Profit,NaN
275, Moneycontrol,NaN
276, AIM,NaN
277, MotorOctane,NaN
278, The Economic Times,NaN
279, Moneycontrol,NaN
280, Indian Legal News,NaN
281, ET Now,NaN
282, ET Now,NaN
283, Benzinga India,NaN
284, CNBCTV18,NaN
285, Business Standard,NaN
286, Business Standard,NaN
287, Mint,Stock Market News
288, Upstox,NaN
289, NDTV Profit,NaN
290, FXStreet,NaN
291, Hindustan Times,NaN
292, CNBCTV18,NaN
293, PIB,NaN
294, The Economic Times,NaN
295, CNBCTV18,NaN
296, Mint,Stock Market News
297, ET Now,NaN
298, RushLane,NaN
299, Mint,NaN
300, The Economic Times,NaN
301, Business Standard,NaN
302, CNBCTV18,NaN
303, CNBCTV18,NaN
304, Benzinga India,NaN
305, Benzinga India,NaN
306, Moneycontrol,NaN
307, The Times of India,NaN
308, The Economic Times,NaN
309, Business Standard,NaN
310, The Economic Times,NaN
311, Hindustan Times,NaN
312, Mint,Stock Market News
313, Zee Business,NaN
314, Moneycontrol,NaN
315, RushLane,NaN
316, The Economic Times,NaN
317, Benzinga India,NaN
318, The Economic Times,NaN
319, The Times of India,NaN
320, Hindustan Times,NaN
321, RushLane,NaN
322, Benzinga India,NaN
323, RushLane,NaN
324, The Financial Express,NaN
325, The Economic Times,NaN
326, Benzinga India,NaN
327, Newsroom | Accenture,NaN
328, Moneycontrol,NaN
329, Moneycontrol,NaN
330, Hindustan Times,NaN
331, Mint,Stock Market News
332, Benzinga India,NaN
333, The Economic Times,NaN
334, Mint,NaN
335, Moneycontrol,NaN
336, The Indian Express,NaN
337, CNBCTV18,NaN
338, FXStreet,NaN
339, RushLane,NaN
340, Indian Legal News,NaN
341, The Economic Times,NaN
342, Business Standard,NaN
343, Zee Business,NaN
344, ET Now,NaN
345, Moneycontrol,NaN
346, The Hindu,NaN
347, CNBCTV18,NaN
348, Business Standard,NaN
349, Benzinga India,NaN
350, The Economic Times,NaN
351, Mint,Stock Market News
352, The Times of India,NaN
353, Mint,Stock Market News
354, Upstox,NaN
355, Moneycontrol,NaN
356, The Economic Times,NaN
357, The Economic Times,NaN
358, The Financial Express,NaN
359, Mint,Stock Market News
360, The Economic Times,NaN
361, Business Standard,NaN
362, Benzinga India,NaN
363, Benzinga India,NaN
364, CNBCTV18,NaN
365, Mint,Stock Market News
366, Moneycontrol,NaN
367, CNBCTV18,NaN
368, ETEnergyWorld,NaN
369, Business Standard,NaN
370, News18,NaN
371, Mint,Stock Market News
372, The Economic Times,NaN
373, CNBCTV18,NaN
374, Benzinga India,NaN
375, Business Standard,NaN
376, The Economic Times,NaN
377, Mint,Stock Market News
378, Zee Business,NaN
379, Mercom India,NaN
380, Benzinga India,NaN
381, Finshots,NaN
382, Mobility Outlook,NaN
383, Hindustan Times,NaN
384, RushLane,NaN
385, The Economic Times,NaN
386, CNBCTV18,NaN
387, Benzinga India,NaN
388, CNBCTV18,NaN
389, NDTV Profit,NaN
390, NDTV Profit,NaN
391, Moneycontrol,NaN
392, Moneycontrol,NaN
393, The Economic Times,NaN
394, Mint,Stock Market News
395, Mint,Stock Market News
396, RushLane,NaN
397, Mobility Outlook,NaN
398, Benzinga India,NaN
399, The Economic Times,NaN
400, Moneycontrol,NaN
401, Hindustan Times,NaN
402, CNBCTV18,NaN
403, Benzinga India,NaN
404, Mint,Stock Market News
405, Moneycontrol,NaN
406, Business Standard,NaN
407, CarDekho,NaN
408, RushLane,NaN
409, Zee Business,NaN
410, The Economic Times,NaN
411, Benzinga India,NaN
412, ETTelecom,NaN
413, Zee Business,Check out target
414, NDTV Profit,NaN
415, Zee Business,NaN
416, CNBCTV18,NaN
417, Mint,NaN
418, DNEG,NaN
419, NDTV Profit,NaN
420, The Economic Times,NaN
421, The Times of India,NaN
422, Moneycontrol,NaN
423, Mint,Stock Market News
424, Mint,Stock Market News
425, Moneycontrol,NaN
426, Business Standard,NaN
427, The Economic Times,NaN
428, Benzinga India,NaN
429, CNBCTV18,NaN
430, The Economic Times,NaN
431, Mint,Stock Market News
432, Moneycontrol,NaN
433, Business Standard,NaN
434, Zee Business,NaN
435, ET Now,NaN
436, The Financial Express,NaN
437, Mint,Stock Market News
438, Upstox,NaN
439, Moneycontrol,NaN
440, Benzinga India,NaN
441, NDTV,NaN
442, Indian Chemical News,NaN
443, Mint,NaN
444, The Economic Times,NaN
445, The Economic Times,NaN
446, RushLane,NaN
447, Mint,Stock Market News
448, Moneycontrol,NaN
449, Moneycontrol,NaN
450, Moneycontrol,NaN
451, Benzinga India,NaN
452, FXStreet,NaN
453, HRKatha,NaN
454, Benzinga India,NaN
455, The Economic Times,NaN
456, Benzinga India,NaN
457, Hydrogen Insight,NaN
458, Business Standard,NaN
459, Moneycontrol,NaN
460, RushLane,NaN
461, Business Standard,NaN
462, Benzinga India,NaN
463, RushLane,NaN
464, Saurenergy,NaN
465, Moneycontrol,NaN
466, The Indian Express,NaN
467, Benzinga India,NaN
468, The Economic Times,NaN
469, NDTV Profit,NaN
470, Reuters,NaN
471, Mint,Stock Market News
472, Business Standard,NaN
473, Moneycontrol,NaN
474, FXStreet,NaN
475, Mint,Company Business News
476, Mint,Stock Market News
477, NDTV Profit,NaN
478, Reuters India,NaN
479, NDTV Profit,NaN
480, ET Now,NaN
481, Moneycontrol,NaN
482, Mint,Company Business News
483, Business Standard,NaN
484, Moneycontrol,NaN
485, The Economic Times,NaN
486, Mint,Stock Market News
487, NDTV,NaN
488, The Economic Times,NaN
489, CarDekho,NaN
490, NDTV Profit,NaN
491, DailyFX,NaN
492, Mint,Company Business News
493, Moneycontrol,NaN
494, NDTV Profit,NaN
495, The Economic Times,NaN
496, NDTV,NaN
497, Mint,Stock Market News
498, Moneycontrol,NaN
499, News18,NaN
500, Hindustan Times,NaN
501, CNBCTV18,NaN
502, The Economic Times,NaN
503, Mint,Stock Market News
504, Mint,Stock Market News
505, Hindustan Times,NaN
506, Business Standard,NaN
507, Indian Startup News,NaN
508, informalnewz,NaN
509, RushLane,NaN
510, The Economic Times,NaN
511, Moneycontrol,NaN
512, CarDekho,NaN
513, The Economic Times,NaN
514, NDTV,NaN
515, ET Now,NaN
516, Mint,NaN
517, Mint,NaN
518, CNBCTV18,NaN
519, The Economic Times,NaN
520, CarDekho,NaN
521, Benzinga India,NaN
522, Mint,Stock Market News
523, Mint,Stock Market News
524, The Times of India,NaN
525, The Financial Express,NaN
526, Mint,Stock Market News
527, CryptoPotato,NaN
528, FXStreet,NaN
529, Mint,Stock Market News
530, Indian Startup News,NaN
531, RushLane,NaN
532, Upstox,NaN
533, RushLane,NaN
534, The Economic Times,NaN
535, Mint,Company Business News
536, Entrackr,NaN
537, The Economic Times,NaN
538, The Indian Express,NaN
539, CNBCTV18,NaN
540, CNBCTV18,NaN
541, Mint,Stock Market News
542, 9to5Mac,NaN
543, ET Now,NaN
544, DailyFX,NaN
545, TelecomTalk,NaN
546, Zee Business,NaN
547, Indian Legal News,NaN
548, 9to5Google,NaN
549, Business Standard,NaN
550, NDTV,NaN
551, Hindustan Times,NaN
552, Mint,Company Business News
553, Business Standard,NaN
554, The Economic Times,NaN
555, CNBCTV18,NaN
556, Hindustan Times,NaN
557, Moneycontrol,NaN
558, Benzinga India,NaN
559, Mint,Stock Market News
560, FXStreet,NaN
561, CNBCTV18,NaN
562, Mint,NaN
563, The Economic Times,NaN
564, Moneycontrol,NaN
565, The Times of India,NaN
566, Moneycontrol,NaN
567, Benzinga India,NaN
568, NDTV,NaN
569, The Economic Times,NaN
570, Mint,Stock Market News
571, The Economic Times,NaN
572, Mint,Stock Market News
573, CarToq.com,NaN
574, The Economic Times,NaN
575, The Times of India,NaN
576, Softonic EN,NaN
577, News18,NaN
578, NDTV,NaN
579, CoinGape,NaN
580, FXStreet,NaN
581, MSN,NaN
582, afaqs!,NaN
583, Mint,Stock Market News
584, NDTV,NaN
585, Moneycontrol,NaN
586, The Financial Express,NaN
587, HT Auto,NaN
588, TechCrunch,NaN
589, Adda247,NaN
590, Upstox,NaN
591, Mint,Stock Market News
592, Mint,Company Business News
593, The Times of India,NaN
594, SHAHARBEEN TIMES,NaN
595, Indian Legal News,NaN
596, RushLane,NaN
597, Finshots,NaN
598, The Times of India,NaN
599, Mint,Stock Market News
600, Business Standard,NaN
601, ET Now,NaN
602, Mint,Today News
603, Mint,Company Business News
604, ET Now,NaN
605, The Times of India,NaN
606, The Economic Times,NaN
607, Coinpedia Fintech News,NaN
608, Gadgets 360,NaN
609, India TV News,NaN
610, CNBCTV18,NaN
611, ET Now,NaN
612, CNBC,NaN
613, ET Now,NaN
614, The Times of India,NaN
615, Mint,Company Business News
616, Dalal Street Investment Journal,NaN
617, Mint,Stock Market News
618, RushLane,NaN
619, Mint,Company Business News
620, NDTV Profit,NaN
621, RushLane,NaN
622, The Times of India,NaN
623, The Economic Times,NaN
624, Mint,Company Business News
625, RushLane,NaN
626, Upstox,NaN
627, ET Now,NaN
628, CarWale,NaN
629, Upstox,NaN
630, Upstox,NaN
631, Business Standard,NaN
632, ET Now,NaN
633, The Economic Times,NaN
634, IPO Central,NaN
635, The Economic Times,NaN
636, Moneycontrol,NaN
637, Mint,Stock Market News
638, Mint,Stock Market News
639, Moneycontrol,NaN
640, The Indian Express,NaN
641, The Economic Times,NaN
642, Moneycontrol,NaN
643, CNBCTV18,NaN
644, Moneycontrol,NaN
645, The Economic Times,NaN
646, India TV News,NaN
647, The Times of India,NaN
648, The Times of India,NaN
649, Mint,NaN
650, Investing.com,NaN
651, Business Standard,NaN
652, Hindustan Times,NaN
653, EatingWell,NaN
654, Business Standard,NaN
655, The Economic Times,NaN
656, CNBCTV18,NaN
657, The Financial Express,NaN
658, The Economic Times,NaN
659, MotorOctane,NaN
660, The Economic Times,NaN
661, Mint,Company Business News
662, ET Now,NaN
663, Moneycontrol,NaN
664, Pune Pulse,NaN
665, Zee Business,NaN
666, Hindustan Times,NaN
667, The Economic Times,NaN
668, TelecomTalk,NaN
669, Mint,Stock Market News
670, Mint,NaN
671, The Economic Times,NaN
672, BusinessLine,NaN
673, ET Now,NaN
674, Dalal Street Investment Journal,NaN
675, CarDekho,NaN
676, The Indian Express,NaN
677, The Economic Times,NaN
678, ET Now,NaN
679, The Times of India,NaN
680, Dalal Street Investment Journal,NaN
681, Mint,NaN
682, Naval News,NaN
683, The Economic Times,NaN
684, Mint,Stock Market News
685, Hindustan Times,NaN
686, NDTV,NaN
687, Moneycontrol,NaN
688, Mint,Company Business News
689, The Times of India,NaN
690, PIB,NaN
691, Moneycontrol,NaN
692, MotorOctane,NaN
693, The Economic Times,NaN
694, ET Now,NaN
695, The Times of India,NaN
696, The Economic Times,NaN
697, Business Standard,NaN
698, Business Standard,NaN
699, The Hindu,NaN
700, Mint,Company Business News
701, Mint,Stock Market News
702, Moneycontrol,NaN
703, Mint,Company Business News
704, The Economic Times,NaN
705, Moneycontrol,NaN
706, The Economic Times,NaN
707, Mint,Company Business News
708, carandbike,NaN
709, The Economic Times,NaN
710, Benzinga India,NaN
711, Zee Business,NaN
712, BikeWale,NaN
713, Times Now,NaN
714, The Hindu,NaN
715, ET Now,NaN
716, CarWale,NaN
717, The Economic Times,NaN
718, ET Now,NaN
719, The Economic Times,NaN
720, Mint,Stock Market News
721, Business Standard,NaN
722, The Economic Times,NaN
723, Moneycontrol,NaN
724, The Times of India,NaN
725, Mint,NaN
726, Mint,Stock Market News
727, Upstox,NaN
728, Business Standard,NaN
729, NDTV,NaN
730, Moneycontrol,NaN
731, The Economic Times,NaN
732, Moneycontrol,NaN
733, The Economic Times,NaN
734, Mint,Company Business News
735, Mint,Stock Market News
736, NDTV Profit,NaN
737, Business Standard,NaN
738, Upstox,NaN
739, The Economic Times,NaN
740, The Economic Times,NaN
741, Moneycontrol,NaN
742, Moneycontrol,NaN
743, The Economic Times,NaN
744, ET Now,NaN
745, The Hindu,NaN
746, CNBCTV18,NaN
747, Mint,NaN
748, Hindustan Times,NaN
749, Mint,Stock Market News
750, Moneycontrol,NaN
751, CNBCTV18,NaN
752, Mint,NaN
753, Investing.com,NaN
754, The Economic Times,NaN
755, Moneycontrol,NaN
756, The Times of India,NaN
757, The Hindu,NaN
758, RushLane,NaN
759, Moneycontrol,NaN
760, RushLane,NaN
761, Mint,Stock Market News
762, Business Standard,NaN
763, ET Now,NaN
764, Moneycontrol,NaN
765, Moneycontrol,NaN
766, NDTV,NaN
767, Mint,Stock Market News
768, RushLane,NaN
769, Mint,Stock Market News
770, The Economic Times,NaN
771, Upstox,NaN
772, Moneycontrol,NaN
773, Mint,NaN
774, Dalal Street Investment Journal,NaN
775, The Economic Times,NaN
776, The Hindu,NaN
777, Moneycontrol,NaN
778, Moneycontrol,NaN
779, informalnewz,NaN
780, Business Standard,NaN
781, Dalal Street Investment Journal,NaN
782, The Indian Express,NaN
783, Business Standard,NaN
784, Mint,Stock Market News
785, The Financial Express,NaN
786, Benzinga India,NaN
787, The Financial Express,NaN
788, Mint,Stock Market News
789, Mint,Stock Market News
790, Mint,Stock Market News
791, Benzinga India,NaN
792, CNBCTV18,NaN
793, Mint,Stock Market News
794, Moneycontrol,NaN
795, The Financial Express,NaN
796, Times Now,NaN
797, Mint,Stock Market News
798, The Economic Times,NaN
799, FXStreet,NaN
800, NDTV,NaN
801, The Hindu,NaN
802, Moneycontrol,NaN
803, The Economic Times,NaN
804, CNBCTV18,NaN
805, Moneycontrol,NaN
806, Benzinga India,NaN
807, The Economic Times,NaN
808, Benzinga India,NaN
809, Mint,Stock Market News
810, Mint,Stock Market News
811, Moneycontrol,NaN
812, GaadiWaadi.com,NaN
813, Mint,Company Business News
814, Mint,Stock Market News
815, Moneycontrol,NaN
816, Business Standard,NaN
817, CNBCTV18,NaN
818, Mint,Stock Market News
819, Indian Legal News,NaN
820, Moneycontrol,NaN
821, Moneycontrol,NaN
822, Entrackr,NaN
823, MotorOctane,NaN
824, The Economic Times,NaN
825, Moneycontrol,NaN
826, Reuters,NaN
827, NDTV Food,NaN
828, The Economic Times,NaN
829, BusinessLine,NaN
830, Moneycontrol,NaN
831, Moneycontrol,NaN
832, The Economic Times,NaN
833, Mint,Company Business News
834, The Economic Times,NaN
835, The Economic Times,NaN
836, Dalal Street Investment Journal,NaN
837, Business Standard,NaN
838, Bloomberg,NaN
839, Moneycontrol,NaN
840, Benzinga India,NaN
841, freefincal on YouTube,NaN
842, Live From A Lounge,NaN
843, ET Now,NaN
844, Mint,Company Business News
845, CNBCTV18,NaN
846, Dalal Street Investment Journal,NaN
847, Benzinga India,NaN
848, TechCrunch,NaN
849, Hindustan Times,NaN
850, News18,NaN
851, Zee Business,NaN
852, The Economic Times,NaN
853, Moneycontrol,NaN
854, Moneycontrol,NaN
855, Investing.com,NaN
856, The Economic Times,NaN
857, Mint,Company Business News
858, Moneycontrol,NaN
859, Investopedia,NaN
860, NDTV Profit,NaN
861, ET Now,NaN
862, The Economic Times,NaN
863, Mint,Company Business News
864, Moneycontrol,NaN
865, The Times of India,NaN
866, RushLane,NaN
867, Mint,Company Business News
868, Moneycontrol,NaN
869, Entrackr,NaN
870, Benzinga India,NaN
871, Benzinga India,NaN
872, HT Auto,NaN
873, Moneycontrol,NaN
874, The Financial Express,NaN
875, Upstox,NaN
876, NDTV Profit,NaN
877, Inc42 Media,NaN
878, Zee Business,NaN
879, IDC,NaN
880, The Economic Times,NaN
881, The Hindu,NaN
882, Investing.com,NaN
883, The Economic Times,NaN
884, Benzinga India,NaN
885, Moneycontrol,NaN
886, The Economic Times,NaN
887, DailyFX,NaN
888, ET Now,NaN
889, The Economic Times,NaN
890, Business Standard,NaN
891, Mint,Company Business News
892, TechCrunch,NaN
893, Upstox,NaN
894, Benzinga India,NaN
895, Moneycontrol,NaN
896, informalnewz,NaN
897, Upstox,NaN
898, Moneycontrol,NaN
899, Mint,Stock Market News
900, Mint,Stock Market News
901, The Arc,NaN
902, Investing.com India,NaN
903, RushLane,NaN
904, The Hindu,NaN
905, Benzinga India,NaN
906, The Economic Times,NaN
907, ET Now,NaN
908, Mint,Company Business News
909, Upstox,NaN
910, Mint,Stock Market News
911, The Economic Times,NaN
912, India Today,NaN
913, The Economic Times,NaN
914, Moneycontrol,NaN
915, Business Standard,NaN
916, BusinessLine,NaN
917, The Economic Times,NaN
918, Upstox,NaN
919, Upstox,NaN
920, Mint,NaN
921, Investing.com,NaN
922, Business Standard,NaN
923, FXStreet,NaN
924, Business Standard,NaN
925, Mint,Stock Market News
926, Investing.com,NaN
927, Hindustan Times,NaN
928, Hindustan Times,NaN
929, The Times of India,NaN
930, NDTV Profit,NaN
931, Mercom India,NaN
932, CNBCTV18,NaN
933, Bloomberg Television,NaN
934, Moneycontrol,NaN
935, Mint,Stock Market News
936, The Economic Times,NaN
937, Mint,Company Business News
938, Mint,Stock Market News
939, ET NOW,ET Now Exclusive
940, Benzinga India,NaN
941, The Times of India,NaN
942, Mint,Stock Market News
943, The Economic Times,NaN
944, Mint,Company Business News
945, The Indian Express,NaN
946, Onmanorama,Muharram Holiday Kerala
947, The Economic Times,NaN
948, BusinessLine,NaN
949, FXStreet,NaN
950, Mint,Company Business News
951, CNBCTV18,NaN
952, Moneycontrol,NaN
953, Benzinga India,NaN
954, Business Standard,NaN
955, The Economic Times,NaN
956, Benzinga India,NaN
957, Mint,Company Business News
958, Mint,Company Business News
959, Moneycontrol,NaN
960, NDTV Profit,NaN
961, The Economic Times,NaN
962, Moneycontrol,NaN
963, The Hindu,NaN
964, Benzinga India,NaN
965, Zee Business,NaN
966, CarWale,NaN
967, Moneycontrol,NaN
968, The Economic Times,NaN
969, Mint,Stock Market News
970, News18,NaN
971, Moneycontrol,NaN
972, Moneycontrol,NaN
973, Benzinga India,NaN
974, The Economic Times,NaN
975, RushLane,NaN
976, Hindustan Times,NaN
977, India Today,NaN
978, The Times of India,NaN
979, Business Standard,NaN
980, The Times of India,NaN
981, Mint,NaN
982, The Economic Times,NaN
983, Mint,Company Business News
984, CNBCTV18,NaN
985, Mint,Stock Market News
986, India Today,NaN
987, NDTV Profit,NaN
988, Business Standard,NaN
989, Benzinga India,NaN
990, Coinpedia Fintech News,NaN
991, TechCrunch,NaN
992, Mint,Stock Market News
993, Onmanorama,Kerala News
994, Business Standard,NaN
995, informalnewz,NaN
996, CarToq.com,NaN
997, DailyFX,NaN
998, Benzinga India,NaN
999, Moneycontrol,NaN
1000, Mint,Stock Market News
1001, RushLane,NaN
1002, The Economic Times,NaN
1003, Benzinga India,NaN
1004, BusinessLine,NaN
1005, Moneycontrol,NaN
1006, The Economic Times,NaN
1007, The Economic Times,NaN
1008, Mint,Stock Market News
1009, Autocar Professional,NaN
1010, Mint,Company Business News
1011, Mint,Stock Market News
1012, CarDekho,NaN
1013, DailyFX,NaN
1014, The Economic Times,NaN
1015, The Times of India,NaN
1016, Mint,Company Business News
1017, Benzinga India,NaN
1018, Mint,Stock Market News
1019, The Economic Times,NaN
1020, Mint,NaN
1021, Hindustan Times,NaN
1022, The Financial Express,NaN
1023, NDTV,NaN
1024, The Economic Times,NaN
1025, The Times of India,NaN
1026, Hindustan Times,NaN
1027, Mint,NaN
1028, FXStreet,NaN
1029, Mint,Stock Market News
1030, NDTV,NaN
1031, Mint,Stock Market News
1032, Benzinga India,NaN
1033, The Times of India,NaN
1034, Zee Business,NaN
1035, CNBCTV18,NaN
1036, The Economic Times,NaN
1037, Moneycontrol,NaN
1038, Inc42 Media,NaN
1039, Moneycontrol,NaN
1040, NDTV,NaN
1041, Deccan Herald,NaN
1042, Mint,Stock Market News
1043, Hindustan Times,NaN
1044, Upstox,NaN
1045, ZigWheels,NaN
1046, RushLane,NaN
1047, The Economic Times,NaN
1048, Mint,Company Business News
1049, FXStreet,NaN
1050, Mint,Company Business News
1051, Mint,Company Business News
1052, MotorOctane,NaN
1053, Telangana Today,NaN
1054, Mint,Stock Market News
1055, Mint,NaN
1056, The Economic Times,NaN
1057, BusinessLine,NaN
1058, Benzinga India,NaN
1059, Zee Business,NaN
1060, Moneycontrol,NaN
1061, The Economic Times,NaN
1062, Moneycontrol,NaN
1063, Dalal Street Investment Journal,NaN
1064, VCCircle,NaN
1065, The Economic Times,NaN
1066, Skoda,NaN
1067, Mint,Stock Market News
1068, CNBCTV18,NaN
1069, Mint,Stock Market News
1070, ET Now,NaN
1071, Hindustan Times,NaN
1072, Indian Legal News,NaN
1073, Mercom India,NaN
1074, OilPrice.com,NaN
1075, Moneycontrol,NaN
1076, News18,NaN
1077, Inc42 Media,NaN
1078, Moneycontrol,NaN
